SKU;GRUPO;FAMILIA;TITULO;COLOR;URL_SKU1
1323573-400;BOTTOMS;JEANS;JEANS SKINNY, TIRO MEDIO, ÍNDIGO;ÍNDIGO;https://liolaweb.cl/223/1323573_1.jpg
2045022-223;OUTERWEAR;CHAQUETAS;BLAZER LARGO ENTALLADO, FRESA;FRESA;https://liolaweb.cl/223/2045022_1.jpg
2080011-400;OUTERWEAR;CHAQUETAS;CHAQUETA EFECTO CUERO,  COLOR NEGRO METALIZADO;NEGRO;https://liolaweb.cl/223/2080011_1.jpg
2380011-400;BOTTOMS;PANTALONES;JEANS PALAZZO, TIRO MEDIO, NEGRO;NEGRO;https://liolaweb.cl/223/2380011_1.jpg
2871011-400;PDA;POLERAS;POLERA APLICACIÓN STRASS, NEGRO;NEGRO;https://liolaweb.cl/223/2871011_1.jpg
2871023-400;PDA;POLERAS;POLERA APLICACIÓN STRASS, FUCSIA;FUCSIA;https://liolaweb.cl/223/2871023_1.jpg
2871211-400;PDA;POLERAS;POLERA APLICACIÓN STRASS, BLANCO;BLANCO;https://liolaweb.cl/223/2871211_1.jpg
2904011-400;PDA;TEJIDOS;CÁRDIGAN TEJIDO NEGRO, APLICACIÓN DE STRASS EN CUELLO;NEGRO;https://liolaweb.cl/223/2904011_1.jpg
2968011-400;PDA;POLERAS;POLERA CON ESTAMPADO, NEGRO , ALGODÓN SPANDEX;NEGRO;https://liolaweb.cl/223/2968011_1.jpg
3041011-400;PDA;TEJIDOS;CÁRDIGAN TEJIDO, NEGRO;NEGRO;https://liolaweb.cl/223/3041011_1.jpg
3800011-223;OUTERWEAR;ABRIGOS;ABRIGO LARGO ENTALLADO MUFLÓN NEGRO;NEGRO;https://liolaweb.cl/223/3800011_1.jpg
3800574-223;OUTERWEAR;ABRIGOS;ABRIGO LARGO ENTALLADO MUFLÓN OCÉANO;OCÉANO;https://liolaweb.cl/223/3800574_1.jpg
3803011-223;OUTERWEAR;ABRIGOS;ABRIGO ENTALLADO MUFLÓN NEGRO, APLICACIÓN EFECTO PIEL;NEGRO;https://liolaweb.cl/223/3803011_1.jpg
3803212-223;OUTERWEAR;ABRIGOS;ABRIGO ENTALLADO MUFLÓN CRUDO, APLICACIÓN EFECTO PIEL;CRUDO;https://liolaweb.cl/223/3803212_1.jpg
3805022-223;OUTERWEAR;ABRIGOS;ABRIGO CLÁSICO LARGO ENTALLADO MUFLÓN FRESA;FRESA;https://liolaweb.cl/223/3805022_1.jpg
3805212-223;OUTERWEAR;ABRIGOS;ABRIGO CLÁSICO LARGO ENTALLADO MUFLÓN CRUDO;CRUDO;https://liolaweb.cl/223/3805212_1.jpg
3810224-223;OUTERWEAR;CHAQUETONES;CHAQUETÓN ENTALLADO MUFLÓN CAMEL CON LAZO ;CAMEL;https://liolaweb.cl/223/3810224_1.jpg
3813574-223;OUTERWEAR;CHAQUETAS;CHAQUETA SEMI BOMBER CORTA, MUFLÓN OCÉANO, BROCHE OJETILLO;OCÉANO;https://liolaweb.cl/223/3813574_1.jpg
3824011-223;BOTTOMS;PANTALONES;PANTALÓN ANCHO TIRO ALTO, NEGRO;NEGRO;https://liolaweb.cl/223/3824011_1.jpg
3824022-223;BOTTOMS;PANTALONES;PANTALÓN ANCHO TIRO ALTO, FRESA;FRESA;https://liolaweb.cl/223/3824022_1.jpg
3827011-223;BOTTOMS;PANTALONES;PANTALÓN ANCHO CROPPED TIRO ALTO, NEGRO;NEGRO;https://liolaweb.cl/223/3827011_1.jpg
3840081-223;OUTERWEAR;CHAQUETAS;BLAZER LARGO ENTALLADO TERCIOPELO ALGODÓN VERDE, CRUCE SIMULADO;VERDE;https://liolaweb.cl/223/3840081_1.jpg
3840224-223;OUTERWEAR;CHAQUETAS;BLAZER LARGO ENTALLADO TERCIOPELO ALGODÓN CAMEL, CRUCE SIMULADO;CAMEL;https://liolaweb.cl/223/3840224_1.jpg
3840574-223;OUTERWEAR;CHAQUETAS;BLAZER LARGO ENTALLADO TERCIOPELO ALGODÓN OCÉANO, CRUCE SIMULADO;OCÉANO;https://liolaweb.cl/223/3840574_1.jpg
3841011-223;OUTERWEAR;CHAQUETAS;BLAZER LARGO ENTALLADO EFECTO CUERO, NEGRO;NEGRO;https://liolaweb.cl/223/3841011_1.jpg
3841222-223;OUTERWEAR;CHAQUETAS;BLAZER LARGO ENTALLADO EFECTO CUERO, CHOCOLATE;CHOCOLATE;https://liolaweb.cl/223/3841222_1.jpg
3843011-223;BOTTOMS;PANTALONES;PANTALÓN FLARE TIRO MEDIO EFECTO, CUERO NEGRO;NEGRO;https://liolaweb.cl/223/3843011_1.jpg
3843222-223;BOTTOMS;PANTALONES;PANTALÓN FLARE TIRO MEDIO EFECTO, CUERO CHOCOLATE;CHOCOLATE;https://liolaweb.cl/223/3843222_1.jpg
3844011-223;PDA;TOPS;CORSÉ EFECTO CUERO, NEGRO;NEGRO;https://liolaweb.cl/223/3844011_1.jpg
3852572-223;BOTTOMS;JEANS;JEANS STRAIGHT, TIRO ALTO CON CINTURÓN, AZUL;AZUL;https://liolaweb.cl/223/3852572_1.jpg
3856572-223;BOTTOMS;JEANS;JEANS WIDE LENGHT, TIRO MEDIO, AZUL;AZUL;https://liolaweb.cl/223/3856572_1.jpg
3857011-223;BOTTOMS;JEANS;JEANS PALAZZO, TIRO MEDIO, NEGRO;NEGRO;https://liolaweb.cl/223/3857011_1.jpg
3864222-223;BOTTOMS;PANTALONES;JEANS SLIM COATING, TIRO MEDIO, CHOCOLATE;CHOCOLATE;https://liolaweb.cl/223/3864222_1.jpg
3864712-223;BOTTOMS;PANTALONES;JEANS SLIM COATING, TIRO MEDIO, CIRUELA;CIRUELA;https://liolaweb.cl/223/3864712_1.jpg
3866422-223;PDA;TEJIDOS;JERSEY TEJIDO JACQUARD CEBRA CAFÉ;CAFÉ;https://liolaweb.cl/223/3866422_1.jpg
3867011-223;PDA;TEJIDOS;JERSEY TEJIDO ENTALLADO, HOMBRO DESCUBIERTO, NEGRO;NEGRO;https://liolaweb.cl/223/3867011_1.jpg
3868574-223;PDA;TEJIDOS;JERSEY TEJIDO CUELLO ALTO, OCÉANO CON LUREX;OCÉANO;https://liolaweb.cl/223/3868574_1.jpg
3869405-223;PDA;POLERAS;JERSEY TEJIDO LUREX, CUELLO RETRO PABILOS, BEIGE;BEIGE;https://liolaweb.cl/223/3869405_1.jpg
3871422-223;PDA;TEJIDOS;JERSEY TEJIDO CUELLO ALTO, MIX JACQUARD CAFÉ;CAFÉ;https://liolaweb.cl/223/3871422_1.jpg
3871428-223;PDA;TEJIDOS;JERSEY TEJIDO CUELLO ALTO, MIX JACQUARD GRIS;GRIS;https://liolaweb.cl/223/3871428_1.jpg
3875405-223;PDA;TEJIDOS;JERSEY TEJIDO CUELLO ALTO  BEIGE MELANGE;BEIGE;https://liolaweb.cl/223/3875405_1.jpg
3876401-223;PDA;TEJIDOS;JERSEY RECTO TEJIDO MIX LUREX NEGRO ;NEGRO;https://liolaweb.cl/223/3876401_1.jpg
3876405-223;PDA;TEJIDOS;JERSEY RECTO TEJIDO MIX LUREX BEIGE ;BEIGE;https://liolaweb.cl/223/3876405_1.jpg
3878011-223;PDA;TEJIDOS;JERSEY TEJIDO ESCOTE REDONDO NEGRO, APLICACIÓN TACHAS;NEGRO;https://liolaweb.cl/223/3878011_1.jpg
3878021-223;PDA;TEJIDOS;JERSEY TEJIDO ESCOTE REDONDO ROJO, APLICACIÓN TACHAS;ROJO;https://liolaweb.cl/223/3878021_1.jpg
3883011-223;PDA;TEJIDOS;JERSEY TEJIDO TIPO CHAQUETA NEGRO;NEGRO;https://liolaweb.cl/223/3883011_1.jpg
3884574-223;PDA;TEJIDOS;JERSEY TEJIDO ESCOTE EN V OCÉANO, APLICACIÓN BOTONES;OCÉANO;https://liolaweb.cl/223/3884574_1.jpg
3886422-223;PDA;TEJIDOS;PONCHO TEJIDO, CUELLO SUBIDO, CAFÉ;CAFÉ;https://liolaweb.cl/223/3886422_1.jpg
3888401-223;PDA;TEJIDOS;JERSEY ESCOTE EN V, TEJIDO MIX CON LUREX, NEGRO;NEGRO;https://liolaweb.cl/223/3888401_1.jpg
3890428-223;PDA;TEJIDOS;JERSEY CUERPO TEJIDO Y MANGA CAMISA, GRIS;GRIS;https://liolaweb.cl/223/3890428_1.jpg
3891011-223;PDA;TEJIDOS;JERSEY LARGO SIN MANGAS NEGRO;NEGRO;https://liolaweb.cl/223/3891011_1.jpg
3891224-223;PDA;TEJIDOS;JERSEY LARGO SIN MANGAS CAMEL;CAMEL;https://liolaweb.cl/223/3891224_1.jpg
3893428-223;OUTERWEAR;ABRIGOS;ABRIGO  RECTO TEJIDO JACQUARD GRIS;GRIS;https://liolaweb.cl/223/3893428_1.jpg
3894405-223;PDA;POLERAS;JERSEY TEJIDO LUREX BEIGE;BEIGE;https://liolaweb.cl/223/3894405_1.jpg
3895422-223;PDA;TAPADOS;JERSEY TEJIDO TIPO TAPADO CON LAZO, CEBRA CAFÉ;CAFÉ;https://liolaweb.cl/223/3895422_1.jpg
3895428-223;PDA;TAPADOS;JERSEY TEJIDO TIPO TAPADO CON LAZO, CEBRA GRIS;GRIS;https://liolaweb.cl/223/3895428_1.jpg
3896401-223;PDA;TEJIDOS;JERSEY ESCOTE EN V, TEJIDO JACQUARD LUREX NEGRO;NEGRO;https://liolaweb.cl/223/3896401_1.jpg
3903405-223;OUTERWEAR;CHAQUETONES;CHAQUETÓN SEMI RECTO, MUFLÓN MELANGE BEIGE;BEIGE;https://liolaweb.cl/223/3903405_1.jpg
3906011-223;OUTERWEAR;PARKAS;PARKA LARGA CAPUCHÓN, NEGRO;NEGRO;https://liolaweb.cl/223/3906011_1.jpg
3908011-223;OUTERWEAR;CHAQUETAS;CHAQUETA AVIADOR MIX EFECTO GAMUZA Y PARKA, NEGRO;NEGRO;https://liolaweb.cl/223/3908011_1.jpg
3909011-223;OUTERWEAR;CHAQUETAS;CHAQUETA CON CAPUCHÓN EFECTO PIEL, REVERSIBLE, NEGRO;NEGRO;https://liolaweb.cl/223/3909011_1.jpg
3910011-223;OUTERWEAR;PARKAS;PARKA RECTA EFECTO CUERO, NEGRO;NEGRO;https://liolaweb.cl/223/3910011_1.jpg
3912283-223;OUTERWEAR;PARKAS;PARKA METALIZADA CON CAPUCHÓN Y RODÓN DE PIEL, PLATEADO;PLATEADO;https://liolaweb.cl/223/3912283_1.jpg
3912422-223;OUTERWEAR;PARKAS;PARKA METALIZADA CON CAPUCHÓN Y RODÓN DE PIEL, CAFÉ;CAFÉ;https://liolaweb.cl/223/3912422_1.jpg
3914011-223;PDA;TAPADOS;SOBRECAMISA RECTA Y LARGA, MUFLÓN MELANGE NEGRO;NEGRO;https://liolaweb.cl/223/3914011_1.jpg
3914222-223;PDA;TAPADOS;SOBRECAMISA RECTA Y LARGA, MUFLÓN MELANGE CHOCOLATE;CHOCOLATE;https://liolaweb.cl/223/3914222_1.jpg
3916301-223;OUTERWEAR;PARKAS;PARKA REVERSIBLE LISO Y ESTAMPADO, NEGRO;NEGRO;https://liolaweb.cl/223/3916301_1.jpg
3916305-223;OUTERWEAR;PARKAS;PARKA REVERSIBLE LISO Y  ESTAMPADO, BEIGE;BEIGE;https://liolaweb.cl/223/3916305_1.jpg
3917401-223;OUTERWEAR;PARKAS;PARKA RECTA IRIDISCENTE NEGRO;NEGRO;https://liolaweb.cl/223/3917401_1.jpg
3917711-223;OUTERWEAR;PARKAS;PARKA RECTA IRIDISCENTE BURDEO;BURDEO;https://liolaweb.cl/223/3917711_1.jpg
3918011-223;OUTERWEAR;CHAQUETONES;CHAQUETÓN RECTO REVERSIBLE EFECTO PIEL, NEGRO;NEGRO;https://liolaweb.cl/223/3918011_1.jpg
3919011-223;OUTERWEAR;CHAQUETONES;ABRIGO EFECTO CUERO DOBLE FAZ, NEGRO;NEGRO;https://liolaweb.cl/223/3919011_1.jpg
3921572-223;OUTERWEAR;CHAQUETAS;BLAZER DENIM, FORRO ESTAMPADO, AZUL;AZUL;https://liolaweb.cl/223/3921572_1.jpg
3922305-223;PDA;VESTIDOS;VESTIDO ENTALLADO RODILLA, ESTAMPADO ANIMAL, BEIGE;BEIGE;https://liolaweb.cl/223/3922305_1.jpg
3922328-223;PDA;VESTIDOS;VESTIDO ENTALLADO RODILLA, ESTAMPADO ANIMAL, GRIS;GRIS;https://liolaweb.cl/223/3922328_1.jpg
3924283-223;OUTERWEAR;PARKAS;PARKA METALIZADA CON CAPUCHÓN, PLATEADO;PLATEADO;https://liolaweb.cl/223/3924283_1.jpg
3925011-223;OUTERWEAR;PARKAS;PARKA RECTA CORTA, NEGRO;NEGRO;https://liolaweb.cl/223/3925011_1.jpg
3925022-223;OUTERWEAR;PARKAS;PARKA RECTA CORTA, FRESA;FRESA;https://liolaweb.cl/223/3925022_1.jpg
3927011-223;OUTERWEAR;ABRIGOS;ABRIGO LARGO  MUFLÓN MELANGE NEGRO;NEGRO;https://liolaweb.cl/223/3927011_1.jpg
3927428-223;OUTERWEAR;ABRIGOS;ABRIGO LARGO  MUFLÓN MELANGE GRIS;GRIS;https://liolaweb.cl/223/3927428_1.jpg
3928011-223;OUTERWEAR;CHAQUETONES;CHAQUETÓN, MUFLÓN MELANGE, NEGRO;NEGRO;https://liolaweb.cl/223/3928011_1.jpg
3928405-223;OUTERWEAR;CHAQUETONES;CHAQUETÓN, MUFLÓN MELANGE, BEIGE;BEIGE;https://liolaweb.cl/223/3928405_1.jpg
3929405-223;OUTERWEAR;CHAQUETAS;CHAQUETA CORTA, MUFLÓN MELANGE BEIGE;BEIGE;https://liolaweb.cl/223/3929405_1.jpg
3933011-223;BOTTOMS;PANTALONES;PANTALÓN FLARE TIRO ALTO, NEGRO;NEGRO;https://liolaweb.cl/223/3933011_1.jpg
3935011-223;PDA;POLERAS;POLERA TEXTO PEDRERÍA, NEGRO;NEGRO;https://liolaweb.cl/223/3935011_1.jpg
3937011-223;PDA;POLERAS;POLERA APLICACIÓN OJETILLO STRASS, NEGRO;NEGRO;https://liolaweb.cl/223/3937011_1.jpg
3938011-223;PDA;POLERAS;POLERA CUELLO LUREX, NEGRO;NEGRO;https://liolaweb.cl/223/3938011_1.jpg
3941211-223;PDA;POLERAS;POLERA SATÍN MIX, FLOR LENTEJUELAS, BLANCO;BLANCO;https://liolaweb.cl/223/3941211_1.jpg
3944212-400;PDA;POLERAS;POLERA ESCOTE CON FOLIA, CRUDO;CRUDO;https://liolaweb.cl/223/3944212_1.jpg
3945023-223;PDA;POLERAS;POLERA ESTAMPADO CEBRA Y PEDRERÍA, FUCSIA;FUCSIA;https://liolaweb.cl/223/3945023_1.jpg
3945211-223;PDA;POLERAS;POLERA ESTAMPADO CEBRA Y PEDRERÍA, BLANCO;BLANCO;https://liolaweb.cl/223/3945211_1.jpg
3952212-223;PDA;POLERAS;POLERA ESTAMPADO Y BORDADO FLOR, CRUDO;CRUDO;https://liolaweb.cl/223/3952212_1.jpg
3953222-223;BOTTOMS;VESTIDOS;VESTIDO RECTO RODILLA, EFECTO CUERO, CHOCOLATE;CHOCOLATE;https://liolaweb.cl/223/3953222_1.jpg
3956422-223;OUTERWEAR;ABRIGOS;ABRIGO RECTO CUADRILLE CAFÉ;CAFÉ;https://liolaweb.cl/223/3956422_1.jpg
3957011-223;OUTERWEAR;CHAQUETONES;ABRIGO EFECTO GAMUZA DOBLE FAZ, NEGRO;NEGRO;https://liolaweb.cl/223/3957011_1.jpg
3960572-223;BOTTOMS;JEANS;JEANS FLARE, TIRO MEDIO CON BORDADO, AZUL;AZUL;https://liolaweb.cl/223/3960572_1.jpg
3961011-223;OUTERWEAR;CHAQUETAS;CHAQUETA RECTA CORTA EFECTO CUERO, NEGRO;NEGRO;https://liolaweb.cl/223/3961011_1.jpg
3964011-223;OUTERWEAR;CHAQUETAS;SOBRECAMISA AMPLIA EFECTO CUERO, NEGRO;NEGRO;https://liolaweb.cl/223/3964011_1.jpg
3964222-223;OUTERWEAR;CHAQUETAS;SOBRECAMISA AMPLIA EFECTO CUERO, CHOCOLATE;CHOCOLATE;https://liolaweb.cl/223/3964222_1.jpg
3965011-223;PDA;TAPADOS;SOBRECAMISA Y VESTIDO LARGO EFECTO CUERO, NEGRO;NEGRO;https://liolaweb.cl/223/3965011_1.jpg
3968405-223;OUTERWEAR;CHAQUETAS;CHAQUETA CUADRILLE CORTA, BEIGE;BEIGE;https://liolaweb.cl/223/3968405_1.jpg
3970011-223;PDA;TEJIDOS;JERSEY TEJIDO CUELLO ALTO, NEGRO;NEGRO;https://liolaweb.cl/223/3970011_1.jpg
3970023-223;PDA;TEJIDOS;JERSEY TEJIDO CUELLO ALTO, FUCSIA;FUCSIA;https://liolaweb.cl/223/3970023_1.jpg
3970081-223;PDA;TEJIDOS;JERSEY TEJIDO CUELLO ALTO, VERDE;VERDE;https://liolaweb.cl/223/3970081_1.jpg
3971224-223;OUTERWEAR;CHAQUETAS;CHAQUETA AVIADOR DOBLE FAZ CAMEL;CAMEL;https://liolaweb.cl/223/3971224_1.jpg
3972011-223;OUTERWEAR;CHAQUETONES;ABRIGO RECTO EFECTO POTRO NEGRO;NEGRO;https://liolaweb.cl/223/3972011_1.jpg
3972222-223;OUTERWEAR;CHAQUETONES;ABRIGO RECTO EFECTO POTRO CHOCOLATE;CHOCOLATE;https://liolaweb.cl/223/3972222_1.jpg
3973011-223;PDA;BLUSAS;BLUSA CUELLO ENTRELAZADO, NEGRO;NEGRO;https://liolaweb.cl/223/3973011_1.jpg
3973022-223;PDA;BLUSAS;BLUSA CUELLO ENTRELAZADO, FRESA;FRESA;https://liolaweb.cl/223/3973022_1.jpg
3976011-223;PDA;POLERAS;BLUSA CAMISERA JERSEY, NEGRO;NEGRO;https://liolaweb.cl/223/3976011_1.jpg
3976222-223;PDA;POLERAS;BLUSA CAMISERA JERSEY, CHOCOLATE;CHOCOLATE;https://liolaweb.cl/223/3976222_1.jpg
3977301-223;PDA;BLUSAS;BLUSA CAMISERA ESTAMPADA, NEGRO;NEGRO;https://liolaweb.cl/223/3977301_1.jpg
3978301-223;PDA;BLUSAS;BLUSA ESTAMPADA, ESCOTE FRUNCES, NEGRO;NEGRO;https://liolaweb.cl/223/3978301_1.jpg
3978372-223;PDA;BLUSAS;BLUSA ESTAMPADA, ESCOTE FRUNCES, CRUDO;CRUDO;https://liolaweb.cl/223/3978372_1.jpg
3984011-223;PDA;POLERAS;POLERA CREPE MIX, BORDADO, NEGRO;NEGRO;https://liolaweb.cl/223/3984011_1.jpg
3985022-223;PDA;BLUSAS;BLUSA CAMISERA APLICACIÓN STRASS, FRESA;FRESA;https://liolaweb.cl/223/3985022_1.jpg
3987011-223;OUTERWEAR;ABRIGOS;ABRIGO SEMI ENTALLADO, MUFLÓN NEGRO;NEGRO;https://liolaweb.cl/223/3987011_1.jpg
3987712-223;OUTERWEAR;ABRIGOS;ABRIGO SEMI ENTALLADO, MUFLÓN CIRUELA;CIRUELA;https://liolaweb.cl/223/3987712_1.jpg
3988083-223;OUTERWEAR;CHAQUETAS;CHAQUETA TIPO AVIADOR DOBLE FAZ  TOPO;TOPO;https://liolaweb.cl/223/3988083_1.jpg
3990011-223;OUTERWEAR;CHAQUETAS;TRENCH EFECTO GAMUZA NEGRO;NEGRO;https://liolaweb.cl/223/3990011_1.jpg
3990052-223;OUTERWEAR;CHAQUETAS;TRENCH EFECTO GAMUZA MASILLA;MASILLA;https://liolaweb.cl/223/3990052_1.jpg
3991011-223;BOTTOMS;JEANS;JEANS SKINNY PUSH UP, TIRO MEDIO, NEGRO;NEGRO;https://liolaweb.cl/223/3991011_1.jpg
3992401-223;BOTTOMS;PANTALONES;JEANS SKINNY COATING LEOPARDO, TIRO MEDIO, NEGRO;NEGRO;https://liolaweb.cl/223/3992401_1.jpg
3998576-223;BOTTOMS;JEANS;JEANS FLARE, TIRO MEDIO, CELESTE;CELESTE;https://liolaweb.cl/223/3998576_1.jpg
3999572-223;BOTTOMS;JEANS;JEANS FLARE, TIRO MEDIO, AZUL;AZUL;https://liolaweb.cl/223/3999572_1.jpg
4000576-223;BOTTOMS;JEANS;JEANS CARGO STRAIGHT TIRO MEDIO, CELESTE;CELESTE;https://liolaweb.cl/223/4000576_1.jpg
4003011-223;PDA;POLERAS;BEATLE BÁSICO, NEGRO;NEGRO;https://liolaweb.cl/223/4003011_1.jpg
4003021-223;PDA;POLERAS;BEATLE BÁSICO, ROJO;ROJO;https://liolaweb.cl/223/4003021_1.jpg
4003023-223;PDA;POLERAS;BEATLE BÁSICO, FUCSIA;FUCSIA;https://liolaweb.cl/223/4003023_1.jpg
4003574-223;PDA;POLERAS;BEATLE BÁSICO, OCÉANO;OCÉANO;https://liolaweb.cl/223/4003574_1.jpg
4004301-223;PDA;BLUSAS;BLUSA ESTAMPADO ANIMAL, NEGRO;NEGRO;https://liolaweb.cl/223/4004301_1.jpg
4006422-223;BOTTOMS;PANTALONES;PANTALÓN SKINNY, TIRO MEDIO, FOLIA, CAFÉ;CAFÉ;https://liolaweb.cl/223/4006422_1.jpg
4007011-223;OUTERWEAR;CHAQUETAS;SOBRECAMISA MATELASSE EFECTO CUERO, NEGRO;NEGRO;https://liolaweb.cl/223/4007011_1.jpg
4009011-223;OUTERWEAR;CHAQUETAS;CHAQUETA BIKER MIX EFECTO PIEL Y CUERO, NEGRO;NEGRO;https://liolaweb.cl/223/4009011_1.jpg
4011011-223;OUTERWEAR;CHAQUETONES;CHAQUETÓN BIKER APLICACIÓN CUERO, NEGRO;NEGRO;https://liolaweb.cl/223/4011011_1.jpg
4012011-223;PDA;BLUSAS;BLUSA CAMISERA SATÍN BOTÓN JOYA, NEGRO;NEGRO;https://liolaweb.cl/223/4012011_1.jpg
4012022-223;PDA;BLUSAS;BLUSA CAMISERA SATÍN BOTÓN JOYA, FRESA;FRESA;https://liolaweb.cl/223/4012022_1.jpg
4017222-223;OUTERWEAR;CHAQUETONES;CHAQUETÓN RECTO TIPO GAMULAN, EFECTO GAMUZA, CHOCOLATE;CHOCOLATE;https://liolaweb.cl/223/4017222_1.jpg
4025011-223;OUTERWEAR;PARKAS;PARKA CORTA EFECTO CUERO CON CAPUCHÓN, NEGRO;NEGRO;https://liolaweb.cl/223/4025011_1.jpg
4025222-223;OUTERWEAR;PARKAS;PARKA CORTA EFECTO CUERO CON CAPUCHÓN, CHOCOLATE;CHOCOLATE;https://liolaweb.cl/223/4025222_1.jpg
4026011-223;OUTERWEAR;PARKAS;PARKA EFECTO CUERO CON CAPUCHÓN, NEGRO;NEGRO;https://liolaweb.cl/223/4026011_1.jpg
4026222-223;OUTERWEAR;PARKAS;PARKA EFECTO CUERO CON CAPUCHÓN, CHOCOLATE;CHOCOLATE;https://liolaweb.cl/223/4026222_1.jpg
4027401-223;OUTERWEAR;PARKAS;PARKA SEMI ENTALLADA CON LAZO, NEGRO;NEGRO;https://liolaweb.cl/223/4027401_1.jpg
4027422-223;OUTERWEAR;PARKAS;PARKA SEMI ENTALLADA CON LAZO, CAFÉ;CAFÉ;https://liolaweb.cl/223/4027422_1.jpg
4030405-223;PDA;POLERAS;POLERA METALIZADA, HOMBRO DESCUBIERTO, BEIGE;BEIGE;https://liolaweb.cl/223/4030405_1.jpg
4032322-223;PDA;POLERAS;BEATLE ESTAMPADO LEOPARDO, CAFÉ;CAFÉ;https://liolaweb.cl/223/4032322_1.jpg
4033401-223;OUTERWEAR;ABRIGOS;ABRIGO RECTO TEJIDO FANTASÍA CEBRA, NEGRO FUCSIA;NEGRO;https://liolaweb.cl/223/4033401_1.jpg
4034224-223;OUTERWEAR;ABRIGOS;ABRIGO LARGO RECTO TEJIDO CAMEL;CAMEL;https://liolaweb.cl/223/4034224_1.jpg
4034402-223;OUTERWEAR;ABRIGOS;ABRIGO LARGO RECTO TEJIDO ROJO;ROJO;https://liolaweb.cl/223/4034402_1.jpg
4035401-223;OUTERWEAR;CHAQUETAS;CHAQUETA RECTA TEJIDO MIX FANTASÍA LISO, NEGRO;NEGRO;https://liolaweb.cl/223/4035401_1.jpg
4036401-223;OUTERWEAR;CHAQUETONES;CHAQUETÓN RECTO TEJIDO MIX FANTASÍA LISO, NEGRO;NEGRO;https://liolaweb.cl/223/4036401_1.jpg
4038401-223;OUTERWEAR;CHAQUETAS;CHAQUETA RECTA TEJIDO FANTASÍA, NEGRO, CON CAPUCHÓN;NEGRO;https://liolaweb.cl/223/4038401_1.jpg
4038422-223;OUTERWEAR;CHAQUETAS;CHAQUETA RECTA TEJIDO FANTASÍA, CAFÉ, CON CAPUCHÓN;CAFÉ;https://liolaweb.cl/223/4038422_1.jpg
4039011-223;PDA;POLERAS;JERSEY TEJIDO, CUELLO RETRO, NEGRO;NEGRO;https://liolaweb.cl/223/4039011_1.jpg
4041422-223;OUTERWEAR;CHAQUETAS;CHAQUETA AVIADOR METALIZADA DOBLE FAZ, CAFÉ;CAFÉ;https://liolaweb.cl/223/4041422_1.jpg
4042011-223;OUTERWEAR;CHAQUETAS;CHAQUETA TIPO BOMBER MATELASSE, NEGRO ;NEGRO;https://liolaweb.cl/223/4042011_1.jpg
4044011-223;OUTERWEAR;CHAQUETONES;CHAQUETÓN EFECTO CUERO CON CAPUCHÓN Y RODÓN DE PIEL, NEGRO;NEGRO;https://liolaweb.cl/223/4044011_1.jpg
4046011-223;PDA;TAPADOS;TAPADO LARGO, MUFLÓN MELANGE, NEGRO;NEGRO;https://liolaweb.cl/223/4046011_1.jpg
4046222-223;PDA;TAPADOS;TAPADO LARGO, MUFLÓN MELANGE, CHOCOLATE;CHOCOLATE;https://liolaweb.cl/223/4046222_1.jpg
4052212-223;PDA;POLERAS;POLERA ESTAMPADO FLOR PRIMAVERA, CRUDO;CRUDO;https://liolaweb.cl/223/4052212_1.jpg
4054211-223;PDA;POLERAS;POLERA ESTAMPADO TEXTO STRASS, BLANCO;BLANCO;https://liolaweb.cl/223/4054211_1.jpg
4055011-223;PDA;BLUSAS;BLUSA CAMISERA ENTALLADA  BOTÓN JOYA, NEGRO;NEGRO;https://liolaweb.cl/223/4055011_1.jpg
4055212-223;PDA;BLUSAS;BLUSA CAMISERA ENTALLADA  BOTÓN JOYA, CRUDO;CRUDO;https://liolaweb.cl/223/4055212_1.jpg
4057321-223;PDA;BLUSAS;BLUSA CAMISERA ESTAMPADO ANIMAL, BLANCO;BLANCO;https://liolaweb.cl/223/4057321_1.jpg
4063011-223;PDA;BLUSAS;BLUSA CAMISERA, CANESÚ FRUNCES, NEGRO;NEGRO;https://liolaweb.cl/223/4063011_1.jpg
4063081-223;PDA;BLUSAS;BLUSA CAMISERA, CANESÚ FRUNCES, VERDE;VERDE;https://liolaweb.cl/223/4063081_1.jpg
4064308-223;PDA;BLUSAS;BLUSA CAMISERA GASA ESTAMPADA LUREX, VERDE;VERDE;https://liolaweb.cl/223/4064308_1.jpg
4065357-223;PDA;BLUSAS;BLUSA CAMISERA ESTAMPADA AMEBA, AZUL;AZUL;https://liolaweb.cl/223/4065357_1.jpg
4066051-223;OUTERWEAR;CHAQUETAS;CHAQUETA CARGO EFECTO GAMUZA, BEIGE;BEIGE;https://liolaweb.cl/223/4066051_1.jpg
4066221-223;OUTERWEAR;CHAQUETAS;CHAQUETA CARGO EFECTO GAMUZA, CAFÉ;CAFÉ;https://liolaweb.cl/223/4066221_1.jpg
4068012-223;PDA;TAPADOS;ABRIGO LARGO SIN MANGAS, MUFLÓN MELANGE GRAFITO;GRAFITO;https://liolaweb.cl/223/4068012_1.jpg
4068405-223;PDA;TAPADOS;ABRIGO LARGO SIN MANGAS, MUFLÓN MELANGE BEIGE;BEIGE;https://liolaweb.cl/223/4068405_1.jpg
4073301-223;PDA;BLUSAS;BLUSA CAMISERA ESTAMPADO ANIMAL, NEGRO;NEGRO;https://liolaweb.cl/223/4073301_1.jpg
4074401-223;PDA;POLERAS;POLERA ENTALLADA, LUREX, NEGRO;NEGRO;https://liolaweb.cl/223/4074401_1.jpg
4074405-223;PDA;POLERAS;POLERA ENTALLADA, LUREX, BEIGE;BEIGE;https://liolaweb.cl/223/4074405_1.jpg
4075422-223;OUTERWEAR;CHAQUETAS;CHAQUETA TIPO SOBRECAMISA, MUFLÓN MELANGE, CAFÉ;CAFÉ;https://liolaweb.cl/223/4075422_1.jpg
4076212-223;PDA;POLERAS;POLERA  ALGODÓN RIBB CON BOTÓN JOYA, CRUDO;CRUDO;https://liolaweb.cl/223/4076212_1.jpg
4077011-223;BOTTOMS;PANTALONES;PANTALÓN RECTO TIRO ALTO, NEGRO;NEGRO;https://liolaweb.cl/223/4077011_1.jpg
4081422-223;BOTTOMS;PANTALONES;PANTALÓN CROPPED PRÍNCIPE DE GALES, CAFÉ;CAFÉ;https://liolaweb.cl/223/4081422_1.jpg
4082211-223;PDA;POLERAS;POLERA ESTAMPADO TEXTO BICOLOR, BLANCO;BLANCO;https://liolaweb.cl/223/4082211_1.jpg
4084011-223;OUTERWEAR;CHAQUETONES;CHAQUETÓN CLÁSICO MUFLÓN NEGRO, FORRO ESTAMPADO;NEGRO;https://liolaweb.cl/223/4084011_1.jpg
4085011-223;OUTERWEAR;CHAQUETAS;CHAQUETA BIKER LARGA, EFECTO CUERO GRANULADO, NEGRO;NEGRO;https://liolaweb.cl/223/4085011_1.jpg
4085222-223;OUTERWEAR;CHAQUETAS;CHAQUETA BIKER LARGA, EFECTO CUERO GRANULADO, CHOCOLATE;CHOCOLATE;https://liolaweb.cl/223/4085222_1.jpg
4086222-223;OUTERWEAR;CHAQUETAS;BLAZER ENTALLADO EFECTO CUERO, CHOCOLATE;CHOCOLATE;https://liolaweb.cl/223/4086222_1.jpg
4087221-223;PDA;POLERAS;POLERA ESTAMPADO TACHAS, CAFÉ;CAFÉ;https://liolaweb.cl/223/4087221_1.jpg
4090222-223;BOTTOMS;PANTALONES;PANTALÓN SASTRE, TIRO ALTO, CHOCOLATE;CHOCOLATE;https://liolaweb.cl/223/4090222_1.jpg
4091011-223;BOTTOMS;PANTALONES;PANTALÓN ANCHO CON CINTURÓN, NEGRO;NEGRO;https://liolaweb.cl/223/4091011_1.jpg
4091222-223;BOTTOMS;PANTALONES;PANTALÓN ANCHO CON CINTURÓN, CHOCOLATE;CHOCOLATE;https://liolaweb.cl/223/4091222_1.jpg
4094322-223;PDA;POLERAS;POLERA ESTAMPADO ANIMAL CON BOTÓN JOYA, CAFÉ;CAFÉ;https://liolaweb.cl/223/4094322_1.jpg
4094328-223;PDA;POLERAS;POLERA ESTAMPADO ANIMAL CON BOTÓN JOYA, GRIS;GRIS;https://liolaweb.cl/223/4094328_1.jpg
4097222-223;BOTTOMS;PANTALONES;PANTALÓN PITILLO TIRO MEDIO, CHOCOLATE;CHOCOLATE;https://liolaweb.cl/223/4097222_1.jpg
4099081-223;PDA;TEJIDOS;JERSEY TEJIDO CUELLO ALTO, DETALLES LUREX, VERDE;VERDE;https://liolaweb.cl/223/4099081_1.jpg
4099222-223;PDA;TEJIDOS;JERSEY TEJIDO CUELLO ALTO, DETALLES LUREX, CHOCOLATE;CHOCOLATE;https://liolaweb.cl/223/4099222_1.jpg
4103301-223;PDA;POLERAS;POLERA ESTAMPADA LEOPARDO, NEGRO;NEGRO;https://liolaweb.cl/223/4103301_1.jpg
4105457-223;OUTERWEAR;ABRIGOS;ABRIGO  LARGO ENTALLADO ESCOCES AZUL;AZUL;https://liolaweb.cl/223/4105457_1.jpg
4109212-223;BOTTOMS;PANTALONES;JEANS COLOR SLIM, TIRO MEDIO, CRUDO;CRUDO;https://liolaweb.cl/223/4109212_1.jpg
4113305-223;PDA;POLERAS;POLERA ESTAMPADO ANIMAL, BEIGE;BEIGE;https://liolaweb.cl/223/4113305_1.jpg
4113328-223;PDA;POLERAS;POLERA ESTAMPADO ANIMAL, GRIS;GRIS;https://liolaweb.cl/223/4113328_1.jpg
4114401-223;OUTERWEAR;PARKAS;PARKA METALIZADA CON CAPUCHÓN Y RODÓN DE PIEL, NEGRO;NEGRO;https://liolaweb.cl/223/4114401_1.jpg
4116021-223;PDA;TEJIDOS;JERSEY TEJIDO DETALLE LUREX, ROJO;ROJO;https://liolaweb.cl/223/4116021_1.jpg
4116405-223;PDA;TEJIDOS;JERSEY TEJIDO DETALLE LUREX, BEIGE;BEIGE;https://liolaweb.cl/223/4116405_1.jpg
4120576-223;PDA;BLUSAS;BLUSA CAMISERA STRASS, CELESTE;CELESTE;https://liolaweb.cl/223/4120576_1.jpg
4122011-223;BOTTOMS;FALDAS;FALDA AJUSTADA A LA RODILLA EFECTO CUERO, NEGRO;NEGRO;https://liolaweb.cl/223/4122011_1.jpg
4123301-223;PDA;BLUSAS;BLUSA CAMISERA SATÍN ESTAMPADO CEBRA, NEGRO;NEGRO;https://liolaweb.cl/223/4123301_1.jpg
4123322-223;PDA;BLUSAS;BLUSA CAMISERA SATÍN ESTAMPADO CEBRA, CAFÉ;CAFÉ;https://liolaweb.cl/223/4123322_1.jpg
4127022-223;PDA;POLERAS;POLERA ESCOTE DRAPEADO, FRESA;FRESA;https://liolaweb.cl/223/4127022_1.jpg
4127428-223;PDA;POLERAS;POLERA ESCOTE DRAPEADO, GRIS;GRIS;https://liolaweb.cl/223/4127428_1.jpg
4132301-223;PDA;BLUSAS;BLUSA CAMISERA SATÍN ESTAMPADO, NEGRO FONDO BEIGE;NEGRO;https://liolaweb.cl/223/4132301_1.jpg
4133301-223;PDA;BLUSAS;BLUSA CAMISERA GASA ESTAMPADA LUREX, NEGRO;NEGRO;https://liolaweb.cl/223/4133301_1.jpg
4134011-223;PDA;BLUSAS;BLUSA CAMISERA FLUIDA, NEGRO;NEGRO;https://liolaweb.cl/223/4134011_1.jpg
4134023-223;PDA;BLUSAS;BLUSA CAMISERA FLUIDA, FUCSIA;FUCSIA;https://liolaweb.cl/223/4134023_1.jpg
4134212-223;PDA;BLUSAS;BLUSA CAMISERA FLUIDA, CRUDO;CRUDO;https://liolaweb.cl/223/4134212_1.jpg
4135572-223;PDA;BLUSAS;BLUSA CAMISERA LYOCELL, AZUL;AZUL;https://liolaweb.cl/223/4135572_1.jpg
4139301-223;BOTTOMS;VESTIDOS;VESTIDO MIDI ESTAMPADO, NEGRO;NEGRO;https://liolaweb.cl/223/4139301_1.jpg
4141022-223;BOTTOMS;PANTALONES;PANTALÓN ANCHO CON CINTURÓN, FRESA;FRESA;https://liolaweb.cl/223/4141022_1.jpg
4148011-223;BOTTOMS;VESTIDOS;VESTIDO CANALÉ TEJIDO LARGO, NEGRO;NEGRO;https://liolaweb.cl/223/4148011_1.jpg
4150011-400;PDA;BLUSAS;BLUSA CAMISERA ENTALLADA, NEGRO;NEGRO;https://liolaweb.cl/223/4150011_1.jpg
4153081-223;PDA;BLUSAS;BLUSA CUELLO MAO, BOTÓN JOYA, ;VERDE;https://liolaweb.cl/223/4153081_1.jpg
7617011-400;PDA;TOPS;TOP PABILO VISCOSA, APLICACIÓN SATÍN, NEGRO;NEGRO;https://liolaweb.cl/223/7617011_1.jpg
7617051-400;PDA;TOPS;TOP PABILO VISCOSA, APLICACIÓN SATÍN, BEIGE;BEIGE;https://liolaweb.cl/223/7617051_1.jpg
9793212-400;BOTTOMS;PANTALONES;JEANS RECTO, TIRO MEDIO, TACHAS, CRUDO;CRUDO;https://liolaweb.cl/223/9793212_1.jpg
4160305-223;;PANTALONES;PANTALÓN ANCHO Estampado BEIGE LIOLA;BEIGE;https://liolaweb.cl/223/4160305_1.jpg
4161322-223;;PANTALONES;PANTALÓN ANCHO Estampado CAFÉ LIOLA;CAFÉ;https://liolaweb.cl/223/4161322_1.jpg
4162357-223;;PANTALONES;PANTALÓN ANCHO Estampado AZUL LIOLA;AZUL;https://liolaweb.cl/223/4162357_1.jpg
4164305-223;;TAPADOS;TAPADO Estampado BEIGE LIOLA;BEIGE;https://liolaweb.cl/223/4164305_1.jpg
4165357-223;;TAPADOS;TAPADO Estampado AZUL LIOLA;AZUL;https://liolaweb.cl/223/4165357_1.jpg
4166301-223;;ENTERITOS;ENTERITO FLARE Estampado NEGRO LIOLA;NEGRO;https://liolaweb.cl/223/4166301_1.jpg
4167224-223;;VESTIDOS;VESTIDO RODILLA Fantasia CAMEL LIOLA;CAMEL;https://liolaweb.cl/223/4167224_1.jpg
4168308-223;;VESTIDOS;VESTIDO RODILLA Estampado VERDE LIOLA;VERDE;https://liolaweb.cl/223/4168308_1.jpg
4169353-223;;VESTIDOS;VESTIDO RODILLA Estampado ROSA LIOLA;ROSA;https://liolaweb.cl/223/4169353_1.jpg
4171023-223;;BLUSAS;BLUSA REDONDO Liso FUCSIA LIOLA;FUCSIA;https://liolaweb.cl/223/4171023_1.jpg
4171081-223;;BLUSAS;BLUSA REDONDO Liso VERDE LIOLA;VERDE;https://liolaweb.cl/223/4171081_1.jpg
4171534-223;;BLUSAS;BLUSA REDONDO Liso LILA LIOLA;LILA;https://liolaweb.cl/223/4171534_1.jpg
4172308-223;;BLUSAS;BLUSA CAMISERO Estampado VERDE LIOLA;VERDE;https://liolaweb.cl/223/4172308_1.jpg
4173357-223;;BLUSAS;BLUSA CAMISERO Estampado AZUL LIOLA;AZUL;https://liolaweb.cl/223/4173357_1.jpg
4174301-223;;BLUSAS;BLUSA CAMISERO Estampado NEGRO LIOLA;NEGRO;https://liolaweb.cl/223/4174301_1.jpg
4175322-223;;BLUSAS;BLUSA CAMISERO Estampado CAFÉ LIOLA;CAFÉ;https://liolaweb.cl/223/4175322_1.jpg
4177081-223;;POLERAS;POLERA MANGA LARGA Fantasia VERDE LIOLA;VERDE;https://liolaweb.cl/223/4177081_1.jpg
4177131-223;;POLERAS;POLERA MANGA LARGA Fantasia NARANJO LIOLA;NARANJO;https://liolaweb.cl/223/4177131_1.jpg
4178413-223;;PANTALONES;PANTALÓN FLARE Fantasia NARANJO LIOLA;NARANJO;https://liolaweb.cl/223/4178413_1.jpg
4179413-223;;TAPADOS;TAPADO Fantasia NARANJO LIOLA;NARANJO;https://liolaweb.cl/223/4179413_1.jpg
4180084-223;;BLUSAS;BLUSA CAMISERO Liso PISTACHO LIOLA;PISTACHO;https://liolaweb.cl/223/4180084_1.jpg
4180224-223;;BLUSAS;BLUSA CAMISERO Liso CAMEL LIOLA;CAMEL;https://liolaweb.cl/223/4180224_1.jpg
4180572-223;;BLUSAS;BLUSA CAMISERO Liso AZUL LIOLA;AZUL;https://liolaweb.cl/223/4180572_1.jpg
4181023-223;;BLUSAS;BLUSA V Liso FUCSIA LIOLA;FUCSIA;https://liolaweb.cl/223/4181023_1.jpg
4181081-223;;BLUSAS;BLUSA V Liso VERDE LIOLA;VERDE;https://liolaweb.cl/223/4181081_1.jpg
4181574-223;;BLUSAS;BLUSA V Liso OCÉANO LIOLA;OCÉANO;https://liolaweb.cl/223/4181574_1.jpg
4184572-223;;POLERAS;POLERA MANGA LARGA Fantasia AZUL LIOLA;AZUL;https://liolaweb.cl/223/4184572_1.jpg
4186322-223;;BLUSAS;BLUSA V Estampado CAFÉ LIOLA;CAFÉ;https://liolaweb.cl/223/4186322_1.jpg
4187308-223;;BLUSAS;BLUSA V Estampado VERDE LIOLA;VERDE;https://liolaweb.cl/223/4187308_1.jpg
4188011-223;;PANTALONES;PANTALÓN FLARE Liso NEGRO LIOLA;NEGRO;https://liolaweb.cl/223/4188011_1.jpg
4188212-223;;PANTALONES;PANTALÓN FLARE Liso CRUDO LIOLA;CRUDO;https://liolaweb.cl/223/4188212_1.jpg
4188222-223;;PANTALONES;PANTALÓN FLARE Liso CHOCOLATE LIOLA;CHOCOLATE;https://liolaweb.cl/223/4188222_1.jpg
4190023-223;;CHAQUETONES;CHAQUETÓN MEDIO Fantasia FUCSIA LIOLA;FUCSIA;https://liolaweb.cl/223/4190023_1.jpg
4191011-223;;FALDAS;FALDA CORTO Liso NEGRO LIOLA;NEGRO;https://liolaweb.cl/223/4191011_1.jpg
4191022-223;;FALDAS;FALDA CORTO Liso FRESA LIOLA;FRESA;https://liolaweb.cl/223/4191022_1.jpg
4191221-223;;FALDAS;FALDA CORTO Liso CAFÉ LIOLA;CAFÉ;https://liolaweb.cl/223/4191221_1.jpg
4192401-223;;CHAQUETAS;CHAQUETA Fantasia NEGRO LIOLA;NEGRO;https://liolaweb.cl/223/4192401_1.jpg
4193401-223;;CHAQUETAS;CHAQUETA Fantasia NEGRO LIOLA;NEGRO;https://liolaweb.cl/223/4193401_1.jpg
4196401-223;;CHAQUETAS;CHAQUETA Fantasia NEGRO LIOLA;NEGRO;https://liolaweb.cl/223/4196401_1.jpg
4203428-223;;CHAQUETONES;CHAQUETÓN MEDIO Fantasia GRIS LIOLA;GRIS;https://liolaweb.cl/223/4203428_1.jpg
4204402-223;;CHAQUETONES;CHAQUETÓN MEDIO Fantasia ROJO LIOLA;ROJO;https://liolaweb.cl/223/4204402_1.jpg
4205460-223;;CHAQUETONES;CHAQUETÓN MEDIO Fantasia AMARILLO LIOLA;AMARILLO;https://liolaweb.cl/223/4205460_1.jpg
4206713-223;;CHAQUETONES;CHAQUETÓN MEDIO Fantasia VINO LIOLA;VINO;https://liolaweb.cl/223/4206713_1.jpg
2045011-223;OUTERWEAR;CHAQUETAS;BLAZER LARGO ENTALLADO, NEGRO;NEGRO;https://liolaweb.cl/223/2045011_1.jpg
2045051-223;OUTERWEAR;CHAQUETAS;BLAZER LARGO ENTALLADO, BEIGE;BEIGE;https://liolaweb.cl/223/2045051_1.jpg
2380212-400;BOTTOMS;PANTALONES;JEANS PALAZZO, TIRO MEDIO, CRUDO;CRUDO;https://liolaweb.cl/223/2380212_1.jpg
2393011-400;PDA;TEJIDOS;CÁRDIGAN TEJIDO MIX LISO Y LUREX, NEGRO;NEGRO;https://liolaweb.cl/223/2393011_1.jpg
2393428-400;PDA;TEJIDOS;CÁRDIGAN TEJIDO MIX LISO Y LUREX, GRIS;GRIS;https://liolaweb.cl/223/2393428_1.jpg
2904212-400;PDA;TEJIDOS;CÁRDIGAN TEJIDO CRUDO, APLICACIÓN DE STRASS EN CUELLO;CRUDO;https://liolaweb.cl/223/2904212_1.jpg
3041081-223;PDA;TEJIDOS;JERSEY TEJIDO BÁSICO, VERDE;VERDE;https://liolaweb.cl/223/3041081_1.jpg
3805011-223;OUTERWEAR;ABRIGOS;ABRIGO CLÁSICO LARGO ENTALLADO MUFLÓN NEGRO;NEGRO;https://liolaweb.cl/223/3805011_1.jpg
3808011-223;OUTERWEAR;CHAQUETAS;BLAZER LARGO ENTALLADO MUFLÓN NEGRO, APLICACIÓN METAL;NEGRO;https://liolaweb.cl/223/3808011_1.jpg
3808022-223;OUTERWEAR;CHAQUETAS;BLAZER LARGO ENTALLADO MUFLÓN FRESA, APLICACIÓN METAL;FRESA;https://liolaweb.cl/223/3808022_1.jpg
3809131-223;OUTERWEAR;ABRIGOS;ABRIGO LARGO ENTALLADO MUFLÓN NARANJO, BOTÓN JOYA;NARANJO;https://liolaweb.cl/223/3809131_1.jpg
3809224-223;OUTERWEAR;ABRIGOS;ABRIGO LARGO ENTALLADO MUFLÓN CAMEL, BOTÓN JOYA;CAMEL;https://liolaweb.cl/223/3809224_1.jpg
3810011-223;OUTERWEAR;CHAQUETONES;CHAQUETÓN ENTALLADO MUFLÓN NEGRO CON LAZO ;NEGRO;https://liolaweb.cl/223/3810011_1.jpg
3812011-223;OUTERWEAR;CHAQUETAS;CHAQUETA ENTALLADA CORTA MUFLÓN NEGRO, BOTÓN JOYA;NEGRO;https://liolaweb.cl/223/3812011_1.jpg
3812131-223;OUTERWEAR;CHAQUETAS;CHAQUETA ENTALLADA CORTA MUFLÓN NARANJO, BOTÓN JOYA;NARANJO;https://liolaweb.cl/223/3812131_1.jpg
3813011-223;OUTERWEAR;CHAQUETAS;CHAQUETA SEMI BOMBER CORTA, MUFLÓN NEGRO, BROCHE OJETILLO;NEGRO;https://liolaweb.cl/223/3813011_1.jpg
3816405-223;OUTERWEAR;CHAQUETAS;BLAZER ENTALLADO CUADRILLE, BEIGE;BEIGE;https://liolaweb.cl/223/3816405_1.jpg
3819081-223;OUTERWEAR;CHAQUETAS;CHAQUETA CORTA ENTALLADA, TERCIOPELO ALGODÓN VERDE;VERDE;
3819574-223;OUTERWEAR;CHAQUETAS;CHAQUETA CORTA ENTALLADA, TERCIOPELO ALGODÓN OCÉANO;OCÉANO;
3824051-223;BOTTOMS;PANTALONES;PANTALÓN ANCHO TIRO ALTO, BEIGE;BEIGE;https://liolaweb.cl/223/3824051_1.jpg
3825011-223;OUTERWEAR;CHAQUETAS;BLAZER LARGO ENTALLADO NEGRO;NEGRO;https://liolaweb.cl/223/3825011_1.jpg
3825051-223;OUTERWEAR;CHAQUETAS;BLAZER LARGO ENTALLADO BEIGE;BEIGE;https://liolaweb.cl/223/3825051_1.jpg
3827051-223;BOTTOMS;PANTALONES;PANTALÓN ANCHO CROPPED TIRO ALTO, BEIGE;BEIGE;https://liolaweb.cl/223/3827051_1.jpg
3828011-223;OUTERWEAR;CHAQUETAS;CHAQUETA ENTALLADA CORTA NEGRO;NEGRO;https://liolaweb.cl/223/3828011_1.jpg
3828212-223;OUTERWEAR;CHAQUETAS;CHAQUETA ENTALLADA CORTA CRUDO;CRUDO;https://liolaweb.cl/223/3828212_1.jpg
3833011-223;OUTERWEAR;CHAQUETAS;BLAZER LARGO ENTALLADO, NEGRO;NEGRO;https://liolaweb.cl/223/3833011_1.jpg
3833212-223;OUTERWEAR;CHAQUETAS;BLAZER LARGO ENTALLADO, CRUDO;CRUDO;https://liolaweb.cl/223/3833212_1.jpg
3838022-223;OUTERWEAR;CHAQUETAS;BLAZER LARGO ENTALLADO TERCIOPELO ALGODÓN FRESA;FRESA;
3838081-223;OUTERWEAR;CHAQUETAS;BLAZER LARGO ENTALLADO TERCIOPELO ALGODÓN VERDE;VERDE;
3838224-223;OUTERWEAR;CHAQUETAS;BLAZER LARGO ENTALLADO TERCIOPELO ALGODÓN CAMEL;CAMEL;
3838574-223;OUTERWEAR;CHAQUETAS;BLAZER LARGO ENTALLADO TERCIOPELO ALGODÓN OCÉANO;OCÉANO;https://liolaweb.cl/223/3838574_1.jpg
3840022-223;OUTERWEAR;CHAQUETAS;BLAZER LARGO ENTALLADO TERCIOPELO ALGODÓN FRESA, CRUCE SIMULADO;FRESA;https://liolaweb.cl/223/3840022_1.jpg
3845011-223;PDA;TOPS;TOP EFECTO CUERO, NEGRO;NEGRO;https://liolaweb.cl/223/3845011_1.jpg
3851576-223;BOTTOMS;JEANS;JEANS PALAZZO RELAX, TIRO MEDIO, CELESTE;CELESTE;https://liolaweb.cl/223/3851576_1.jpg
3853572-223;BOTTOMS;JEANS;JEANS FLARE, TIRO MEDIO CON CINTURÓN, AZUL;AZUL;https://liolaweb.cl/223/3853572_1.jpg
3854281-223;BOTTOMS;JEANS;JEANS FLARE, TIRO MEDIO, DESGASTADO, GRIS;GRIS;https://liolaweb.cl/223/3854281_1.jpg
3859011-223;BOTTOMS;JEANS;JEANS SLOUCHY, TIRO ALTO, NEGRO;NEGRO;https://liolaweb.cl/223/3859011_1.jpg
3862011-223;BOTTOMS;JEANS;JEANS SLIM, TIRO MEDIO, APLICACIÓN STRASS, NEGRO;NEGRO;https://liolaweb.cl/223/3862011_1.jpg
3863011-223;BOTTOMS;JEANS;JEANS SKINNY, TIRO MEDIO, NEGRO;NEGRO;https://liolaweb.cl/223/3863011_1.jpg
3868011-223;PDA;TEJIDOS;JERSEY TEJIDO CUELLO ALTO, NEGRO CON LUREX;NEGRO;https://liolaweb.cl/223/3868011_1.jpg
3868023-223;PDA;TEJIDOS;JERSEY TEJIDO CUELLO ALTO, FUCSIA CON LUREX;FUCSIA;https://liolaweb.cl/223/3868023_1.jpg
3868224-223;PDA;TEJIDOS;JERSEY TEJIDO CUELLO ALTO, CAMEL CON LUREX;CAMEL;https://liolaweb.cl/223/3868224_1.jpg
3869011-223;PDA;POLERAS;JERSEY TEJIDO LUREX, CUELLO RETRO PABILOS, NEGRO;NEGRO;https://liolaweb.cl/223/3869011_1.jpg
3870011-223;PDA;TEJIDOS;JERSEY TEJIDO CUELLO REDONDO NEGRO, APLICACIÓN STRASS;NEGRO;https://liolaweb.cl/223/3870011_1.jpg
3870022-223;PDA;TEJIDOS;JERSEY TEJIDO CUELLO REDONDO FRESA, APLICACIÓN STRASS;FRESA;https://liolaweb.cl/223/3870022_1.jpg
3870212-223;PDA;TEJIDOS;JERSEY TEJIDO CUELLO REDONDO CRUDO, APLICACIÓN STRASS;CRUDO;https://liolaweb.cl/223/3870212_1.jpg
3870428-223;PDA;TEJIDOS;JERSEY TEJIDO CUELLO REDONDO GRIS, APLICACIÓN STRASS;GRIS;https://liolaweb.cl/223/3870428_1.jpg
3873011-223;PDA;TEJIDOS;JERSEY TEJIDO CUELLO ALTO NEGRO;NEGRO;https://liolaweb.cl/223/3873011_1.jpg
3874428-223;PDA;TEJIDOS;JERSEY TEJIDO TIPO CÁRDIGAN GRIS;GRIS;https://liolaweb.cl/223/3874428_1.jpg
3875428-223;PDA;TEJIDOS;JERSEY TEJIDO CUELLO ALTO  GRIS MELANGE;GRIS;https://liolaweb.cl/223/3875428_1.jpg
3875453-223;PDA;TEJIDOS;JERSEY TEJIDO CUELLO ALTO  ROSA MELANGE;ROSA;https://liolaweb.cl/223/3875453_1.jpg
3880422-223;PDA;TEJIDOS;JERSEY TEJIDO TIPO CÁRDIGAN CAFÉ;CAFÉ;https://liolaweb.cl/223/3880422_1.jpg
3881401-223;OUTERWEAR;ABRIGOS;ABRIGO LARGO RECTO TEJIDO JACQUARD NEGRO;NEGRO;https://liolaweb.cl/223/3881401_1.jpg
3882011-223;PDA;TEJIDOS;JERSEY TEJIDO, VOLADOS EN SISAS, NEGRO;NEGRO;https://liolaweb.cl/223/3882011_1.jpg
3883224-223;PDA;TEJIDOS;JERSEY TEJIDO TIPO CHAQUETA CAMEL;CAMEL;https://liolaweb.cl/223/3883224_1.jpg
3884011-223;PDA;TEJIDOS;JERSEY TEJIDO ESCOTE EN V NEGRO, APLICACIÓN BOTONES;NEGRO;https://liolaweb.cl/223/3884011_1.jpg
3884131-223;PDA;TEJIDOS;JERSEY TEJIDO ESCOTE EN V NARANJO, APLICACIÓN BOTONES;NARANJO;https://liolaweb.cl/223/3884131_1.jpg
3884534-223;PDA;TEJIDOS;JERSEY TEJIDO ESCOTE EN V LILA, APLICACIÓN BOTONES;LILA;https://liolaweb.cl/223/3884534_1.jpg
3886428-223;PDA;TEJIDOS;PONCHO TEJIDO, CUELLO SUBIDO, GRIS;GRIS;https://liolaweb.cl/223/3886428_1.jpg
3892012-223;PDA;TEJIDOS;JERSEY LARGO TEJIDO LUREX GRAFITO;GRAFITO;https://liolaweb.cl/223/3892012_1.jpg
3892224-223;PDA;TEJIDOS;JERSEY LARGO TEJIDO LUREX CAMEL;CAMEL;https://liolaweb.cl/223/3892224_1.jpg
3892282-223;PDA;TEJIDOS;JERSEY LARGO TEJIDO LUREX PERLA;PERLA;https://liolaweb.cl/223/3892282_1.jpg
3894401-223;PDA;POLERAS;JERSEY TEJIDO LUREX NEGRO;NEGRO;https://liolaweb.cl/223/3894401_1.jpg
3900011-223;OUTERWEAR;CHAQUETAS;CHAQUETA RECTA, EFECTO CUERO, NEGRO;NEGRO;https://liolaweb.cl/223/3900011_1.jpg
3903401-223;OUTERWEAR;CHAQUETONES;CHAQUETÓN SEMI RECTO, MUFLÓN MELANGE NEGRO;NEGRO;https://liolaweb.cl/223/3903401_1.jpg
3905011-223;PDA;TAPADOS;CHAQUETÓN RECTO REMACHES, EFECTO CUERO, NEGRO;NEGRO;https://liolaweb.cl/223/3905011_1.jpg
3929428-223;OUTERWEAR;CHAQUETAS;CHAQUETA CORTA, MUFLÓN MELANGE GRIS;GRIS;https://liolaweb.cl/223/3929428_1.jpg
3930011-223;BOTTOMS;VESTIDOS;VESTIDO RECTO EVASE, EFECTO CUERO, NEGRO;NEGRO;https://liolaweb.cl/223/3930011_1.jpg
3931011-223;BOTTOMS;PANTALONES;PANTALÓN RECTO TIRO MEDIO, EFECTO CUERO NEGRO;NEGRO;https://liolaweb.cl/223/3931011_1.jpg
3931222-223;BOTTOMS;PANTALONES;PANTALÓN RECTO TIRO MEDIO, EFECTO CUERO CHOCOLATE;CHOCOLATE;https://liolaweb.cl/223/3931222_1.jpg
3934011-223;BOTTOMS;PANTALONES;PANTALÓN FLARE CROPPED TIRO ALTO, NEGRO;NEGRO;https://liolaweb.cl/223/3934011_1.jpg
3939011-223;PDA;POLERAS;POLERA APLICACIÓN LENTEJUELAS, NEGRO;NEGRO;https://liolaweb.cl/223/3939011_1.jpg
3942011-223;PDA;POLERAS;POLERA ESTAMPADO TEXTO Y STRASS, NEGRO;NEGRO;https://liolaweb.cl/223/3942011_1.jpg
3942211-223;PDA;POLERAS;POLERA ESTAMPADO TEXTO Y STRASS, BLANCO;BLANCO;https://liolaweb.cl/223/3942211_1.jpg
3943211-223;PDA;POLERAS;POLERA ESTAMPADO PAISLEY STRASS, BLANCO;BLANCO;https://liolaweb.cl/223/3943211_1.jpg
3944011-400;PDA;POLERAS;POLERA ESCOTE CON FOLIA, NEGRO;NEGRO;https://liolaweb.cl/223/3944011_1.jpg
3946401-223;PDA;POLERAS;POLERA LUREX, NEGRO;NEGRO;https://liolaweb.cl/223/3946401_1.jpg
3946405-223;PDA;POLERAS;POLERA LUREX, BEIGE;BEIGE;https://liolaweb.cl/223/3946405_1.jpg
3950211-223;PDA;POLERAS;POLERA ESTAMPADO PITÓN Y TEXTO, BLANCO;BLANCO;https://liolaweb.cl/223/3950211_1.jpg
3953011-223;BOTTOMS;VESTIDOS;VESTIDO RECTO RODILLA, EFECTO CUERO, NEGRO;NEGRO;https://liolaweb.cl/223/3953011_1.jpg
3954212-223;PDA;POLERAS;POLERA PEDRERÍA TEXTO, CRUDO;CRUDO;https://liolaweb.cl/223/3954212_1.jpg
3955532-223;OUTERWEAR;CHAQUETAS;CHAQUETA AVIADOR DOBLE FAZ, ROSA;ROSA;https://liolaweb.cl/223/3955532_1.jpg
3963011-223;OUTERWEAR;CHAQUETAS;SOBRECAMISA RECTA REMACHES EFECTO CUERO, NEGRO;NEGRO;https://liolaweb.cl/223/3963011_1.jpg
3966011-400;OUTERWEAR;CHAQUETAS;CHAQUETA BIKER EFECTO CUERO, APLICACIÓN TACHAS, NEGRO;NEGRO;https://liolaweb.cl/223/3966011_1.jpg
3967401-223;OUTERWEAR;CHAQUETONES;ABRIGO SEMI ENTALLADO, MUFLÓN MELANGE NEGRO;NEGRO;https://liolaweb.cl/223/3967401_1.jpg
3967453-223;OUTERWEAR;CHAQUETONES;ABRIGO SEMI ENTALLADO, MUFLÓN MELANGE ROSA;ROSA;https://liolaweb.cl/223/3967453_1.jpg
3971011-223;OUTERWEAR;CHAQUETAS;CHAQUETA AVIADOR DOBLE FAZ NEGRO;NEGRO;https://liolaweb.cl/223/3971011_1.jpg
3976212-223;PDA;POLERAS;BLUSA CAMISERA JERSEY, CRUDO;CRUDO;https://liolaweb.cl/223/3976212_1.jpg
3985011-223;PDA;BLUSAS;BLUSA CAMISERA APLICACIÓN STRASS, NEGRO;NEGRO;https://liolaweb.cl/223/3985011_1.jpg
3994572-223;BOTTOMS;JEANS;JEANS SLIM, TIRO MEDIO, APLICACIÓN STRASS, AZUL;AZUL;https://liolaweb.cl/223/3994572_1.jpg
3997572-223;BOTTOMS;JEANS;JEANS SKINNY TIRO MEDIO, TACHAS, AZUL;AZUL;https://liolaweb.cl/223/3997572_1.jpg
4003131-223;PDA;POLERAS;BEATLE BÁSICO, NARANJO;NARANJO;https://liolaweb.cl/223/4003131_1.jpg
4005301-223;PDA;BLUSAS;BLUSA ESTAMPADO ARLEQUÍN, NEGRO;NEGRO;https://liolaweb.cl/223/4005301_1.jpg
4006283-223;BOTTOMS;PANTALONES;PANTALÓN SKINNY, TIRO MEDIO, FOLIA, PLATEADO;PLATEADO;https://liolaweb.cl/223/4006283_1.jpg
4008011-223;OUTERWEAR;CHAQUETAS;CHAQUETA EFECTO CUERO, APLICACIÓN MATELASSE, NEGRO;NEGRO;https://liolaweb.cl/223/4008011_1.jpg
4008051-223;OUTERWEAR;CHAQUETAS;CHAQUETA EFECTO CUERO, APLICACIÓN MATELASSE, BEIGE;BEIGE;https://liolaweb.cl/223/4008051_1.jpg
4013011-223;BOTTOMS;PANTALONES;PANTALÓN CROPPED EFECTO CUERO, APLICACIÓN OJETILLO, NEGRO;NEGRO;https://liolaweb.cl/223/4013011_1.jpg
4014011-223;BOTTOMS;PANTALONES;PANTALÓN SKINNY TIRO MEDIO, EFECTO CUERO NEGRO;NEGRO;https://liolaweb.cl/223/4014011_1.jpg
4017011-223;OUTERWEAR;CHAQUETONES;CHAQUETÓN RECTO TIPO GAMULAN, EFECTO GAMUZA, NEGRO;NEGRO;https://liolaweb.cl/223/4017011_1.jpg
4030401-223;PDA;POLERAS;POLERA METALIZADA, HOMBRO DESCUBIERTO, NEGRO;NEGRO;https://liolaweb.cl/223/4030401_1.jpg
4032305-223;PDA;POLERAS;BEATLE ESTAMPADO TIGRE, BEIGE;BEIGE;https://liolaweb.cl/223/4032305_1.jpg
4037453-223;OUTERWEAR;CHAQUETAS;CHAQUETA RECTA TEJIDO FANTASÍA, ROSA;ROSA;https://liolaweb.cl/223/4037453_1.jpg
4039222-223;PDA;POLERAS;JERSEY TEJIDO, CUELLO RETRO, CHOCOLATE;CHOCOLATE;https://liolaweb.cl/223/4039222_1.jpg
4040281-223;BOTTOMS;JEANS;JEANS PALAZZO ESTILO CARGO, TIRO ALTO, GRIS;GRIS;https://liolaweb.cl/223/4040281_1.jpg
4048301-223;PDA;VESTIDOS;VESTIDO CAMISERO MIDI ESTAMPADO, NEGRO;NEGRO;https://liolaweb.cl/223/4048301_1.jpg
4050401-223;PDA;POLERAS;POLERA ESTAMPADO FOLIA ANIMAL, NEGRO;NEGRO;https://liolaweb.cl/223/4050401_1.jpg
4051313-223;PDA;BLUSAS;BLUSA SATÍN ESTAMPADO, NARANJO;NARANJO;https://liolaweb.cl/223/4051313_1.jpg
4054011-223;PDA;POLERAS;POLERA ESTAMPADO TEXTO STRASS, NEGRO;NEGRO;https://liolaweb.cl/223/4054011_1.jpg
4055021-223;PDA;BLUSAS;BLUSA CAMISERA ENTALLADA  BOTÓN JOYA, ROJO;ROJO;https://liolaweb.cl/223/4055021_1.jpg
4056301-223;PDA;BLUSAS;BLUSA CAMISERA ESTAMPADA, NEGRO;NEGRO;https://liolaweb.cl/223/4056301_1.jpg
4059211-223;PDA;BLUSAS;BLUSA CAMISERA LARGA BOTÓN CONTRASTE, BLANCO;BLANCO;https://liolaweb.cl/223/4059211_1.jpg
4060413-223;PDA;BLUSAS;BLUSA MAO ESTAMPADA, NARANJO;NARANJO;https://liolaweb.cl/223/4060413_1.jpg
4060457-223;PDA;BLUSAS;BLUSA MAO ESTAMPADA, AZUL;AZUL;https://liolaweb.cl/223/4060457_1.jpg
4062301-223;PDA;BLUSAS;BLUSA CAMISERA GASA ESTAMPADA, NEGRO;NEGRO;https://liolaweb.cl/223/4062301_1.jpg
4063212-223;PDA;BLUSAS;BLUSA CAMISERA, CANESÚ FRUNCES, CRUDO;CRUDO;https://liolaweb.cl/223/4063212_1.jpg
4072212-223;PDA;BLUSAS;BLUSA CAMISERA APLICACIÓN ENCAJE, CRUDO;CRUDO;https://liolaweb.cl/223/4072212_1.jpg
4075428-223;OUTERWEAR;CHAQUETAS;CHAQUETA TIPO SOBRECAMISA, MUFLÓN MELANGE, GRIS;GRIS;https://liolaweb.cl/223/4075428_1.jpg
4076011-223;PDA;POLERAS;POLERA  ALGODÓN RIBB CON BOTÓN JOYA, NEGRO;NEGRO;https://liolaweb.cl/223/4076011_1.jpg
4077051-223;BOTTOMS;PANTALONES;PANTALÓN RECTO TIRO ALTO, BEIGE;BEIGE;https://liolaweb.cl/223/4077051_1.jpg
4078401-223;PDA;POLERAS;POLERA MIX SATÍN TEJIDO, BOLSILLO STRASS, NEGRO;NEGRO;https://liolaweb.cl/223/4078401_1.jpg
4078405-223;PDA;POLERAS;POLERA MIX SATÍN TEJIDO, BOLSILLO STRASS, BEIGE;BEIGE;https://liolaweb.cl/223/4078405_1.jpg
4079401-223;PDA;POLERAS;POLERA LUREX, MIX SATÍN ESTAMPADO, NEGRO;NEGRO;https://liolaweb.cl/223/4079401_1.jpg
4079405-223;PDA;POLERAS;POLERA LUREX, MIX SATÍN ESTAMPADO, BEIGE;BEIGE;https://liolaweb.cl/223/4079405_1.jpg
4080011-223;PDA;POLERAS;POLERA ESTAMPADO FOLIA ANIMAL, NEGRO;NEGRO;https://liolaweb.cl/223/4080011_1.jpg
4080428-223;PDA;POLERAS;POLERA ESTAMPADO FOLIA ANIMAL, GRIS;GRIS;https://liolaweb.cl/223/4080428_1.jpg
4083401-223;PDA;POLERAS;POLERA LUREX, MIX SATÍN ESTAMPADO, NEGRO;NEGRO;https://liolaweb.cl/223/4083401_1.jpg
4084021-223;OUTERWEAR;CHAQUETONES;CHAQUETÓN CLÁSICO MUFLÓN ROJO, FORRO ESTAMPADO;ROJO;https://liolaweb.cl/223/4084021_1.jpg
4084022-223;OUTERWEAR;CHAQUETONES;CHAQUETÓN CLÁSICO MUFLÓN FRESA, FORRO ESTAMPADO;FRESA;https://liolaweb.cl/223/4084022_1.jpg
4084131-223;OUTERWEAR;CHAQUETONES;CHAQUETÓN CLÁSICO MUFLÓN NARANJO, FORRO ESTAMPADO;NARANJO;https://liolaweb.cl/223/4084131_1.jpg
4084224-223;OUTERWEAR;CHAQUETONES;CHAQUETÓN CLÁSICO MUFLÓN CAMEL, FORRO ESTAMPADO;CAMEL;https://liolaweb.cl/223/4084224_1.jpg
4086011-223;OUTERWEAR;CHAQUETAS;BLAZER ENTALLADO EFECTO CUERO, NEGRO;NEGRO;https://liolaweb.cl/223/4086011_1.jpg
4088011-223;PDA;TAPADOS;TAPADO Y VESTIDO MIDI CON LAZO, NEGRO;NEGRO;https://liolaweb.cl/223/4088011_1.jpg
4090011-223;BOTTOMS;PANTALONES;PANTALÓN SASTRE, TIRO ALTO, NEGRO;NEGRO;https://liolaweb.cl/223/4090011_1.jpg
4092011-223;BOTTOMS;PANTALONES;PANTALÓN ANCHO CON PASADOR, NEGRO;NEGRO;https://liolaweb.cl/223/4092011_1.jpg
4094301-223;PDA;POLERAS;POLERA ESTAMPADO ANIMAL CON BOTÓN JOYA, NEGRO;NEGRO;https://liolaweb.cl/223/4094301_1.jpg
4096313-223;PDA;BLUSAS;BLUSA ESTAMPADO PAISLEY, NARANJO;NARANJO;https://liolaweb.cl/223/4096313_1.jpg
4097011-223;BOTTOMS;PANTALONES;PANTALÓN PITILLO TIRO MEDIO, NEGRO;NEGRO;https://liolaweb.cl/223/4097011_1.jpg
4098011-223;BOTTOMS;PANTALONES;PANTALÓN FLARE CROPPED TIRO MEDIO, NEGRO;NEGRO;https://liolaweb.cl/223/4098011_1.jpg
4098083-223;BOTTOMS;PANTALONES;PANTALÓN FLARE CROPPED TIRO MEDIO, TOPO;TOPO;https://liolaweb.cl/223/4098083_1.jpg
4098222-223;BOTTOMS;PANTALONES;PANTALÓN FLARE CROPPED TIRO MEDIO, CHOCOLATE;CHOCOLATE;
4099011-223;PDA;TEJIDOS;JERSEY TEJIDO CUELLO ALTO, DETALLES LUREX, NEGRO;NEGRO;https://liolaweb.cl/223/4099011_1.jpg
4099132-223;PDA;TEJIDOS;JERSEY TEJIDO CUELLO ALTO, DETALLES LUREX, OXIDO;OXIDO;https://liolaweb.cl/223/4099132_1.jpg
4099532-223;PDA;TEJIDOS;JERSEY TEJIDO CUELLO ALTO, DETALLES LUREX, ROSA;ROSA;https://liolaweb.cl/223/4099532_1.jpg
4100322-223;PDA;BLUSAS;BLUSA CAMISERA ESTAMPADO ANIMAL, CAFÉ;CAFÉ;https://liolaweb.cl/223/4100322_1.jpg
4101402-223;PDA;BLUSAS;BLUSA CAMISERA SATÍN ESTAMPADO ANIMAL, ROJO;ROJO;https://liolaweb.cl/223/4101402_1.jpg
4102408-223;PDA;BLUSAS;BLUSA CAMISERA ESTAMPADA LUREX  AMEBA, VERDE;VERDE;https://liolaweb.cl/223/4102408_1.jpg
4104401-223;OUTERWEAR;CHAQUETONES;CHAQUETÓN SEMI ENTALLADO ESCOCES NEGRO;NEGRO;https://liolaweb.cl/223/4104401_1.jpg
4107011-223;BOTTOMS;PANTALONES;JEANS COLOR CROPPED STRAIGHT, TIRO MEDIO, NEGRO;NEGRO;https://liolaweb.cl/223/4107011_1.jpg
4107022-223;BOTTOMS;PANTALONES;JEANS COLOR CROPPED STRAIGHT, TIRO MEDIO, FRESA;FRESA;https://liolaweb.cl/223/4107022_1.jpg
4108011-223;BOTTOMS;PANTALONES;JEANS COLOR SKINNY TIRO MEDIO, NEGRO;NEGRO;https://liolaweb.cl/223/4108011_1.jpg
4108022-223;BOTTOMS;PANTALONES;JEANS COLOR SKINNY TIRO MEDIO, FRESA;FRESA;https://liolaweb.cl/223/4108022_1.jpg
4109011-223;BOTTOMS;PANTALONES;JEANS COLOR SLIM, TIRO MEDIO, NEGRO;NEGRO;https://liolaweb.cl/223/4109011_1.jpg
4109224-223;BOTTOMS;PANTALONES;JEANS COLOR SLIM, TIRO MEDIO, CAMEL;CAMEL;https://liolaweb.cl/223/4109224_1.jpg
4110011-223;BOTTOMS;PANTALONES;JEANS COLOR SKINNY PUSH UP, TIRO MEDIO, NEGRO;NEGRO;https://liolaweb.cl/223/4110011_1.jpg
4110051-223;BOTTOMS;PANTALONES;JEANS COLOR SKINNY PUSH UP, TIRO MEDIO, BEIGE;BEIGE;https://liolaweb.cl/223/4110051_1.jpg
4111011-400;OUTERWEAR;CHAQUETAS;BLAZER CLÁSICO NEGRO;NEGRO;
4112011-400;BOTTOMS;PANTALONES;PANTALÓN SASTRE TIRO MEDIO, NEGRO;NEGRO;
4116011-223;PDA;TEJIDOS;JERSEY TEJIDO DETALLE LUREX, NEGRO;NEGRO;https://liolaweb.cl/223/4116011_1.jpg
4119011-223;PDA;BLUSAS;BLUSA CAMISERA ALGODÓN BOTÓN JOYA, NEGRO;NEGRO;https://liolaweb.cl/223/4119011_1.jpg
4119212-223;PDA;BLUSAS;BLUSA CAMISERA ALGODÓN BOTÓN JOYA, CRUDO;CRUDO;https://liolaweb.cl/223/4119212_1.jpg
4120212-223;PDA;BLUSAS;BLUSA CAMISERA STRASS, CRUDO;CRUDO;https://liolaweb.cl/223/4120212_1.jpg
4124301-223;BOTTOMS;PANTALONES;PANTALÓN ESTAMPADO PALAZZO, TIRO ALTO, NEGRO;NEGRO;https://liolaweb.cl/223/4124301_1.jpg
4125011-223;BOTTOMS;PANTALONES;PANTALÓN ANCHO CADENA TIRO ALTO, NEGRO;NEGRO;https://liolaweb.cl/223/4125011_1.jpg
4125051-223;BOTTOMS;PANTALONES;PANTALÓN ANCHO CADENA TIRO ALTO, BEIGE;BEIGE;https://liolaweb.cl/223/4125051_1.jpg
4126422-223;BOTTOMS;PANTALONES;JEANS SKINNY COATING CUADRILLE, TIRO MEDIO, CAFÉ;CAFÉ;https://liolaweb.cl/223/4126422_1.jpg
4127011-223;PDA;POLERAS;POLERA ESCOTE DRAPEADO, NEGRO;NEGRO;https://liolaweb.cl/223/4127011_1.jpg
4128301-223;PDA;TAPADOS;TAPADO Y VESTIDO MIDI ESTAMPADO CON LAZO, NEGRO;NEGRO;https://liolaweb.cl/223/4128301_1.jpg
4129011-223;PDA;TAPADOS;CHAQUETÓN RECTO TEJIDO CON CAPUCHÓN PIEL, NEGRO;NEGRO;https://liolaweb.cl/223/4129011_1.jpg
4129222-223;PDA;TAPADOS;CHAQUETÓN RECTO TEJIDO CON CAPUCHÓN PIEL, CHOCOLATE;CHOCOLATE;https://liolaweb.cl/223/4129222_1.jpg
4130313-223;PDA;BLUSAS;BLUSA CAMISERA SATÍN ESTAMPADO, NARANJO;NARANJO;https://liolaweb.cl/223/4130313_1.jpg
4130357-223;PDA;BLUSAS;BLUSA CAMISERA SATÍN ESTAMPADO, AZUL;AZUL;https://liolaweb.cl/223/4130357_1.jpg
4131301-223;PDA;BLUSAS;BLUSA CAMISERA SATÍN ESTAMPADO, NEGRO FONDO GRIS;NEGRO;https://liolaweb.cl/223/4131301_1.jpg
4135022-223;PDA;BLUSAS;BLUSA CAMISERA LYOCELL, FRESA;FRESA;https://liolaweb.cl/223/4135022_1.jpg
4135082-223;PDA;BLUSAS;BLUSA CAMISERA LYOCELL, MILITAR;MILITAR;https://liolaweb.cl/223/4135082_1.jpg
4137011-223;BOTTOMS;JEANS;JEANS STRAIGHT, TIRO ALTO, NEGRO;NEGRO;https://liolaweb.cl/223/4137011_1.jpg
4138011-223;BOTTOMS;PANTALONES;JEANS COLOR STRAIGHT, PUSH UP TIRO MEDIO, NEGRO;NEGRO;https://liolaweb.cl/223/4138011_1.jpg
4138222-223;BOTTOMS;PANTALONES;JEANS COLOR STRAIGHT, PUSH UP TIRO MEDIO, CHOCOLATE;CHOCOLATE;https://liolaweb.cl/223/4138222_1.jpg
4143401-223;BOTTOMS;PANTALONES;PANTALÓN ANCHO, TIRO ALTO, CUADRILLE NEGRO;NEGRO;https://liolaweb.cl/223/4143401_1.jpg
4143405-223;BOTTOMS;PANTALONES;PANTALÓN ANCHO, TIRO ALTO, CUADRILLE BEIGE;BEIGE;https://liolaweb.cl/223/4143405_1.jpg
4143457-223;BOTTOMS;PANTALONES;PANTALÓN ANCHO CUADRILLE, TIRO ALTO, AZUL;AZUL;https://liolaweb.cl/223/4143457_1.jpg
4144011-223;PDA;POLERAS;POLERA APLICACIÓN Y BORDADO, NEGRO;NEGRO;https://liolaweb.cl/223/4144011_1.jpg
4144212-223;PDA;POLERAS;POLERA APLICACIÓN Y BORDADO, CRUDO;CRUDO;https://liolaweb.cl/223/4144212_1.jpg
4145401-223;OUTERWEAR;CHAQUETAS;BLAZER ENTALLADO CUADRILLE NEGRO;NEGRO;https://liolaweb.cl/223/4145401_1.jpg
4145405-223;OUTERWEAR;CHAQUETAS;BLAZER ENTALLADO CUADRILLE BEIGE;BEIGE;https://liolaweb.cl/223/4145405_1.jpg
4145457-223;OUTERWEAR;CHAQUETAS;BLAZER ENTALLADO CUADRILLE, AZUL;AZUL;https://liolaweb.cl/223/4145457_1.jpg
4146011-400;BOTTOMS;JEANS;JEANS SKINNY PUSH UP, TIRO MEDIO, NEGRO;NEGRO;https://liolaweb.cl/223/4146011_1.jpg
4147022-223;BOTTOMS;VESTIDOS;VESTIDO BEATLE TEJIDO A LA RODILLA, FRESA;FRESA;https://liolaweb.cl/223/4147022_1.jpg
4149011-223;OUTERWEAR;PARKAS;PARKA CON CAPUCHÓN Y RODÓN DE PIEL, NEGRO;NEGRO;https://liolaweb.cl/223/4149011_1.jpg
4149082-223;OUTERWEAR;PARKAS;PARKA CON CAPUCHÓN Y RODÓN DE PIEL, MILITAR;MILITAR;https://liolaweb.cl/223/4149082_1.jpg
4150211-400;PDA;BLUSAS;BLUSA CAMISERA ENTALLADA, BLANCO;BLANCO;https://liolaweb.cl/223/4150211_1.jpg
4150576-400;PDA;BLUSAS;BLUSA CAMISERA ENTALLADA, CELESTE;CELESTE;https://liolaweb.cl/223/4150576_1.jpg
4151011-400;BOTTOMS;PANTALONES;PANTALÓN RECTO TIRO ALTO APLICACIÓN, NEGRO;NEGRO;https://liolaweb.cl/223/4151011_1.jpg
4151571-400;BOTTOMS;PANTALONES;PANTALÓN RECTO TIRO ALTO APLICACIÓN, AZUL MARINO;AZUL MARINO;https://liolaweb.cl/223/4151571_1.jpg
4152011-223;PDA;BLUSAS;BLUSA SIN CUELLO Y PABILOS, NEGRO;NEGRO;https://liolaweb.cl/223/4152011_1.jpg
4152212-223;PDA;BLUSAS;BLUSA SIN CUELLO Y PABILOS, CRUDO;CRUDO;https://liolaweb.cl/223/4152212_1.jpg
4153012-223;PDA;BLUSAS;BLUSA CUELLO MAO, BOTÓN JOYA, GRAFITO;GRAFITO;https://liolaweb.cl/223/4153012_1.jpg
4153023-223;PDA;BLUSAS;BLUSA CUELLO MAO, BOTÓN JOYA, FUCSIA;FUCSIA;
4153212-223;PDA;BLUSAS;BLUSA CUELLO MAO, BOTÓN JOYA, CRUDO;CRUDO;https://liolaweb.cl/223/4153212_1.jpg
4154011-223;PDA;TAPADOS;TAPADO TEJIDO CON FLECOS, NEGRO;NEGRO;https://liolaweb.cl/223/4154011_1.jpg
4155011-223;BOTTOMS;VESTIDOS;VESTIDO BEATLE TEJIDO, NEGRO;NEGRO;https://liolaweb.cl/223/4155011_1.jpg
4157457-223;OUTERWEAR;CHAQUETAS;BLAZER ENTALLADO CUADRILLE, AZUL;AZUL;
4158457-223;BOTTOMS;PANTALONES;PANTALÓN ANCHO CUADRILLE, TIRO ALTO, AZUL;AZUL;
7617532-400;PDA;TOPS;TOP PABILO VISCOSA, APLICACIÓN SATÍN, ROSA;ROSA;https://liolaweb.cl/223/7617532_1.jpg
9793011-400;BOTTOMS;PANTALONES;JEANS RECTO, TIRO MEDIO, TACHAS, NEGRO;NEGRO;https://liolaweb.cl/223/9793011_1.jpg
4163301-223;;PANTALONES;PANTALÓN ANCHO Estampado NEGRO LIOLA;NEGRO;https://liolaweb.cl/223/4163301_1.jpg
4167222-223;;VESTIDOS;VESTIDO RODILLA Fantasia CHOCOLATE LIOLA;CHOCOLATE;https://liolaweb.cl/223/4167222_1.jpg
4170011-223;;TAPADOS;TAPADO Liso NEGRO LIOLA;NEGRO;https://liolaweb.cl/223/4170011_1.jpg
4176308-223;;BLUSAS;BLUSA CAMISERO Estampado VERDE LIOLA;VERDE;https://liolaweb.cl/223/4176308_1.jpg
4177023-223;;POLERAS;POLERA MANGA LARGA Fantasia FUCSIA LIOLA;FUCSIA;https://liolaweb.cl/223/4177023_1.jpg
4177051-223;;POLERAS;POLERA MANGA LARGA Fantasia BEIGE LIOLA;BEIGE;https://liolaweb.cl/223/4177051_1.jpg
4182422-223;;PANTALONES;PANTALÓN RECTO Fantasia CAFÉ LIOLA;CAFÉ;https://liolaweb.cl/223/4182422_1.jpg
4183422-223;;PANTALONES;PANTALÓN SASTRE Fantasia CAFÉ LIOLA;CAFÉ;https://liolaweb.cl/223/4183422_1.jpg
4183428-223;;PANTALONES;PANTALÓN SASTRE Fantasia GRIS LIOLA;GRIS;https://liolaweb.cl/223/4183428_1.jpg
4184212-223;;POLERAS;POLERA MANGA LARGA Fantasia CRUDO LIOLA;CRUDO;https://liolaweb.cl/223/4184212_1.jpg
4185401-223;;PANTALONES;PANTALÓN ANCHO Fantasia NEGRO LIOLA;NEGRO;https://liolaweb.cl/223/4185401_1.jpg
4189422-223;;PANTALONES;PANTALÓN PITILLO Fantasia CAFÉ LIOLA;CAFÉ;https://liolaweb.cl/223/4189422_1.jpg
4189428-223;;PANTALONES;PANTALÓN PITILLO Fantasia GRIS LIOLA;GRIS;https://liolaweb.cl/223/4189428_1.jpg
4194401-223;;CHAQUETAS;CHAQUETA Fantasia NEGRO LIOLA;NEGRO;https://liolaweb.cl/223/4194401_1.jpg
4195422-223;;CHAQUETAS;CHAQUETA Fantasia CAFÉ LIOLA;CAFÉ;https://liolaweb.cl/223/4195422_1.jpg
4197405-223;;CHAQUETAS;CHAQUETA Fantasia BEIGE LIOLA;BEIGE;https://liolaweb.cl/223/4197405_1.jpg
4198457-223;;CHAQUETAS;CHAQUETA Fantasia AZUL LIOLA;AZUL;https://liolaweb.cl/223/4198457_1.jpg
4199408-223;;ABRIGOS;ABRIGO LARGO Fantasia VERDE LIOLA;VERDE;https://liolaweb.cl/223/4199408_1.jpg
4199428-223;;ABRIGOS;ABRIGO LARGO Fantasia GRIS LIOLA;GRIS;https://liolaweb.cl/223/4199428_1.jpg
4199471-223;;ABRIGOS;ABRIGO LARGO Fantasia BURDEO LIOLA;BURDEO;https://liolaweb.cl/223/4199471_1.jpg
4200408-223;;ABRIGOS;ABRIGO LARGO Fantasia VERDE LIOLA;VERDE;https://liolaweb.cl/223/4200408_1.jpg
4200413-223;;ABRIGOS;ABRIGO LARGO Fantasia NARANJO LIOLA;NARANJO;https://liolaweb.cl/223/4200413_1.jpg
4200422-223;;ABRIGOS;ABRIGO LARGO Fantasia CAFÉ LIOLA;CAFÉ;https://liolaweb.cl/223/4200422_1.jpg
4201408-223;;CHAQUETAS;BLAZER Fantasia VERDE LIOLA;VERDE;https://liolaweb.cl/223/4201408_1.jpg
4201428-223;;CHAQUETAS;BLAZER Fantasia GRIS LIOLA;GRIS;https://liolaweb.cl/223/4201428_1.jpg
4201457-223;;CHAQUETAS;BLAZER Fantasia AZUL LIOLA;AZUL;https://liolaweb.cl/223/4201457_1.jpg
4201471-223;;CHAQUETAS;BLAZER Fantasia BURDEO LIOLA;BURDEO;https://liolaweb.cl/223/4201471_1.jpg
4202428-223;;CHAQUETAS;BLAZER Fantasia GRIS LIOLA;GRIS;https://liolaweb.cl/223/4202428_1.jpg
4206021-223;;CHAQUETONES;CHAQUETÓN MEDIO Fantasia ROJO LIOLA;ROJO;https://liolaweb.cl/223/4206021_1.jpg
4206081-223;;CHAQUETONES;CHAQUETÓN MEDIO Fantasia VERDE LIOLA;VERDE;https://liolaweb.cl/223/4206081_1.jpg
4206531-223;;CHAQUETONES;CHAQUETÓN MEDIO Fantasia RUBOR LIOLA;RUBOR;https://liolaweb.cl/223/4206531_1.jpg
4206602-223;;CHAQUETONES;CHAQUETÓN MEDIO Fantasia MOSTAZA LIOLA;MOSTAZA;https://liolaweb.cl/223/4206602_1.jpg
4206711-223;;CHAQUETONES;CHAQUETÓN MEDIO Fantasia BURDEO LIOLA;BURDEO;https://liolaweb.cl/223/4206711_1.jpg
4206712-223;;CHAQUETONES;CHAQUETÓN MEDIO Fantasia CIRUELA LIOLA;CIRUELA;https://liolaweb.cl/223/4206712_1.jpg
4207422-223;;CHAQUETONES;CHAQUETÓN MEDIO Fantasia CAFÉ LIOLA;CAFÉ;https://liolaweb.cl/223/4207422_1.jpg
4208011-223;;BLUSAS;BLUSA REDONDO Fantasia NEGRO LIOLA;NEGRO;https://liolaweb.cl/223/4208011_1.jpg
4208353-223;;BLUSAS;BLUSA REDONDO Fantasia ROSA LIOLA;ROSA;https://liolaweb.cl/223/4208353_1.jpg
4209023-223;;BLUSAS;BLUSA CAMISERO Liso FUCSIA LIOLA;FUCSIA;https://liolaweb.cl/223/4209023_1.jpg
4209081-223;;BLUSAS;BLUSA CAMISERO Liso VERDE LIOLA;VERDE;https://liolaweb.cl/223/4209081_1.jpg
4209713-223;;BLUSAS;BLUSA CAMISERO Liso VINO LIOLA;VINO;https://liolaweb.cl/223/4209713_1.jpg
4210353-223;;BLUSAS;BLUSA V Estampado ROSA LIOLA;ROSA;https://liolaweb.cl/223/4210353_1.jpg
4210357-223;;BLUSAS;BLUSA V Estampado AZUL LIOLA;AZUL;https://liolaweb.cl/223/4210357_1.jpg
4211301-223;;VESTIDOS;VESTIDO RODILLA Estampado NEGRO LIOLA;NEGRO;https://liolaweb.cl/223/4211301_1.jpg
4211322-223;;VESTIDOS;VESTIDO RODILLA Estampado CAFÉ LIOLA;CAFÉ;https://liolaweb.cl/223/4211322_1.jpg
4212301-223;;VESTIDOS;VESTIDO RODILLA Estampado NEGRO LIOLA;NEGRO;https://liolaweb.cl/223/4212301_1.jpg
4212305-223;;VESTIDOS;VESTIDO RODILLA Estampado BEIGE LIOLA;BEIGE;https://liolaweb.cl/223/4212305_1.jpg
4213308-223;;VESTIDOS;VESTIDO RODILLA Estampado VERDE LIOLA;VERDE;https://liolaweb.cl/223/4213308_1.jpg
4213357-223;;VESTIDOS;VESTIDO RODILLA Estampado AZUL LIOLA;AZUL;https://liolaweb.cl/223/4213357_1.jpg
4214308-223;;VESTIDOS;VESTIDO LARGO Estampado VERDE LIOLA;VERDE;https://liolaweb.cl/223/4214308_1.jpg
4215408-223;;VESTIDOS;VESTIDO RODILLA Liso VERDE LIOLA;VERDE;https://liolaweb.cl/223/4215408_1.jpg
4215428-223;;VESTIDOS;VESTIDO RODILLA Liso GRIS LIOLA;GRIS;https://liolaweb.cl/223/4215428_1.jpg
4216023-223;;POLERAS;POLERA MANGA LARGA Fantasia FUCSIA LIOLA;FUCSIA;https://liolaweb.cl/223/4216023_1.jpg
4217308-223;;POLERAS;POLERA MANGA LARGA Estampado VERDE LIOLA;VERDE;https://liolaweb.cl/223/4217308_1.jpg
4217322-223;;POLERAS;POLERA MANGA LARGA Estampado CAFÉ LIOLA;CAFÉ;https://liolaweb.cl/223/4217322_1.jpg
4217353-223;;POLERAS;POLERA MANGA LARGA Estampado ROSA LIOLA;ROSA;https://liolaweb.cl/223/4217353_1.jpg
4219305-223;;BLUSAS;BLUSA V Estampado BEIGE LIOLA;BEIGE;https://liolaweb.cl/223/4219305_1.jpg
4219353-223;;BLUSAS;BLUSA V Estampado ROSA LIOLA;ROSA;https://liolaweb.cl/223/4219353_1.jpg
4221402-223;;TAPADOS;TAPADO Estampado ROJO LIOLA;ROJO;https://liolaweb.cl/223/4221402_1.jpg
4222422-223;;TAPADOS;TAPADO Estampado CAFÉ LIOLA;CAFÉ;https://liolaweb.cl/223/4222422_1.jpg
4224011-223;;PANTALONES;PANTALON PITILLO Liso NEGRO LIOLA;NEGRO;https://liolaweb.cl/223/4224011_1.jpg
4224221-223;;PANTALONES;PANTALON PITILLO Liso CAFÉ LIOLA;CAFÉ;https://liolaweb.cl/223/4224221_1.jpg
4226453-223;;CHAQUETAS;BLAZER Fantasia ROSA LIOLA;ROSA;https://liolaweb.cl/223/4226453_1.jpg
4230023-223;;ACCESORIOS;GORRO Fantasia FUCSIA LIOLA;FUCSIA;https://liolaweb.cl/223/4230023_1.jpg
4230428-223;;ACCESORIOS;GORRO Fantasia GRIS LIOLA;GRIS;https://liolaweb.cl/223/4230428_1.jpg
4231023-223;;ACCESORIOS;BUFANDA Fantasia FUCSIA LIOLA;FUCSIA;https://liolaweb.cl/223/4231023_1.jpg
4231132-223;;ACCESORIOS;BUFANDA Fantasia OXIDO LIOLA;OXIDO;https://liolaweb.cl/223/4231132_1.jpg
4231224-223;;ACCESORIOS;BUFANDA Fantasia CAMEL LIOLA;CAMEL;https://liolaweb.cl/223/4231224_1.jpg
4231428-223;;ACCESORIOS;BUFANDA Fantasia GRIS LIOLA;GRIS;https://liolaweb.cl/223/4231428_1.jpg
4231574-223;;ACCESORIOS;BUFANDA Fantasia OCÉANO LIOLA;OCÉANO;https://liolaweb.cl/223/4231574_1.jpg
